,HotelName,Date,Reputations,Comments,Purposes,companions
0,ニッコースタイル名古屋,2021年09月,5,"
    名古屋住みだけど遠くへ旅行は気が引けたので綺麗なところに泊まろうと利用させてもらいました。建物も新しいのですごく綺麗で素敵でした！当然お部屋も素敵でとても良かったです朝食は3種類から選べたのですがどれもすごく美味しそう困りましたまた機会があれば利用したいです",レジャー,恋人
1,ニッコースタイル名古屋,2021年07月,5,"
    名古屋駅から少し距離があります。",レジャー,一人
2,ニッコースタイル名古屋,2021年08月,5,"
    若い人も、お年を召した方も、問題なく快適に過ごせると思います。文句なしの接客もありがとうございました。ホテル清掃経験者としましては、髪の毛1本でも落ちているとクレームが入ってしまい、そのくらいなら我慢して欲しいなと思いつつも、それがお客様の求めているものと受け止め、きれいなお部屋作りをこれからも続けていってほしいなと思います。アメニティーの袋の切れ端が落ちていましたが、特段私たちは気にしないのですが、色々なお客様がいらっしゃると思うので、お気を付けてください！とても快適でした。ありがとうございました。",レジャー,恋人
3,ニッコースタイル名古屋,2021年06月,4,"
    綺麗でした。次回はカフェ利用もしてみたいです。",レジャー,恋人
4,ニッコースタイル名古屋,2021年08月,5,"
    家族3人で1泊しました。口コミ通りとても居心地の良いホテルでした。ロビーや廊下で良い香りがしていて心地良かったです。部屋はトリプルでしたが、ソファでゆったり寛げました。部屋のコーヒーが美味しかったです。今は外食でアルコール提供がないので、部屋でゆっくり飲めて良かったです。高速出口に近く名駅や伏見からも徒歩圏内。飲食店も多く、ドンキホーテも近く便利。スタッフも印象の良い方ばかり。家族全員また泊まりに行きたいねと話しています。",レジャー,家族
5,ニッコースタイル名古屋,2021年07月,5,"
    お部屋が広く、バストイレ別となっているため快適に利用することができました。テレビも大きいです。またチェックインの際、誕生日のお祝いのために利用すると伝えたところ、チェックインの時間を伸ばしていただき、さらにケーキの預かりなど細やかなサービスを受けることができました。併設しているレストランの食事もとてもおいしかったです。",その他,恋人
6,ニッコースタイル名古屋,2021年07月,5,"
    彼女との記念日ということで、初めての宿泊先として選びました。スタッフさんの電話口、受付での対応がとても丁寧だったことが印象的です。料理もとてもおいしく、非常に満足しました。お部屋もとても広く綺麗で、アメニティも充実していたので私と彼女共に楽しい時間を過ごせました。帰りの際に、彼女とまた来たいと話をするぐらいとても良い時間になりました。",レジャー,恋人
7,ニッコースタイル名古屋,2021年07月,4,"
    初めて利用しました。前々から気になっていていましたが内装もおしゃれで部屋に入るとゆったり広くちゃんと考えられてつくってる部屋だなぁと感心しました。でも１つだけジャンプーやリンス、ボディーソープなどがこだわってるんでしようけど髪の長い方や量が多い方は小分けにしてあったら足りないのでは？と思いました。普通に他のホテルみたいに大きいボトルのを置けばいいのになって思います。それと翌朝帰り支度をしているとおそらくチェックアウトしたお客さんの部屋を片付けていました。がドンドン　　ガッチャーン音がめちゃくちゃ聞こえます。ほんとに不愉快でもう少し静かにできないのかなと不思議に思いました。",レジャー,家族
8,ニッコースタイル名古屋,2021年06月,4,"
    前回とても良かった印象でしたので、今回はアメニティ分？少しだけ金額が下がった部屋ですがリピートしました。ベッド、アメニティ以外は同じ仕様ですが、若干床が汚れていたりで、若干の違いでも金額の違いで自分の印象が少し変わり（苦笑）アメニティと、細かいですがお部屋の綺麗さ等で自分のテンションも変わるんだなと実感。それでも今回も快適に過ごさせていただき、備品やインテリア等はやはり他店さんよりも気に入っております。ちなみに今回のお部屋のアメニティはピジョン社のもの。いつか食事やカフェも利用してみたいと思います。お世話になりありがとうございました。",ビジネス,家族
9,ニッコースタイル名古屋,2021年07月,5,"
    部屋も広く，新しく久しぶりにいいホテルに泊まったって感じです。レストランも開放的で，スタッフサービスも満足してます。また利用したいホテルですよ。",ビジネス,一人
10,ニッコースタイル名古屋,2021年06月,5,"
    名古屋駅から徒歩で10分位で立地も良く、部屋もお洒落で最高でした、一階には美味しいコーヒーを飲ませてくれる、お店もあり、コーヒー好きの私には嬉しかったです、一つだけ言わせて頂けるのなら、アメニティのシャンプー、ボディソープをもう少しこだわったものにして下されば、最高だなと思いましたそれ以外はこの料金では文句の付け所が無いです、名古屋に行く時は必ず利用すると決めました。",レジャー,恋人
11,ニッコースタイル名古屋,2021年06月,5,"
    広々とした清潔感のあるお部屋で、ゆっくりとリラックスできました。今まで泊まったホテルの中で1番リラックスできました。一階のフリースペースも広々と北欧風でオシャレで、そちらで飲むコーヒーと雑誌、いつまでもいたいと思いました。スタッフの方の対応もとても良かったです。",レジャー,一人
12,ニッコースタイル名古屋,2021年04月,5,"
    新しいホテルで清潔で機能的な部屋でした。機能的なだけではなく、名古屋らしさも演出されていて楽しかったです。朝食も地元食材を使ったメニューで量・質ともに満足です",レジャー,家族
13,ニッコースタイル名古屋,2021年06月,4,"
    ロビーもお部屋もシンプルでスタイリッシュな空間で、くつろげます。お洒落な家電も楽しい！駅からちょっと歩きますが、それを差し引いてもまた訪れたいホテルです。",レジャー,恋人
14,ニッコースタイル名古屋,2021年06月,4,"
    部屋がすごくキレイで本当に素敵です！こんなに広い部屋で朝食付きでこの値段は本当に安いです！また利用したいです！",レジャー,一人
15,ニッコースタイル名古屋,2021年04月,5,"
    車での利用で遅くにチェックインだった為、近隣駐車場を利用しましたが、すぐ裏側に数件コインPありで便利でした。コンビニは少し歩く距離に数件ありました。お部屋はデザイン的な部分や、アメニティ、水回り等で選んでいますが、広々した使い心地の良いお部屋は良質なモノを使用しながらカジュアルダウンしたようなイメージで、さり気ない名古屋ぽさの個性があり、まだ新しいので綺麗で良かった。スーツケースを十分置けるスペースだったり、シンプルでも使いやすいお風呂、洗面、細かい備品類、オーガニックのアメニティや、オリジナルの珈琲など気に入りました。時間が取りにくかったので、カフェで購入できた珈琲はちょっとしたお土産に利用できよかったです。朝食やウェルカムドリンクなどは今回利用できなく残念でしたが、短い時間でもリラックスして過ごせました。ありがとうございました。",ビジネス,仕事仲間
16,ニッコースタイル名古屋,2021年04月,5,"
    リピートです。まだ新しいので設備もきれいだし、調度品も良いものをつかっているので、気に入ってます。ただ、毎回メンバー特典だというドリンクチケットをくれるのですが、足を運んでも利用が１９時までだとか（営業しているのに）テイクアウト専用だ（これから食事に出るのに）とか言われて使えず無駄になりました。いちいちムッとしまうので、あれなら配らない方がましだと思います。繰り返しますが、それ以外はとても気に入っています。また名古屋にいくことがあるなら使います。",レジャー,家族
17,ニッコースタイル名古屋,2021年04月,5,"
    今回素泊まりでしたが、とてもオシャレで良いホテルでした。水回りはドイツのメーカーのグローエ使ってたり、Bluetoothスピーカーもオシャレで音もいいし、随所に有松絞り使ってたり、アメニティももちろんGOOD！一つ一つの物のチョイスがこだわっててワクワクさせられました！事前に花を購入し部屋にセットしていただいたのですが、対応もとても良くて、また利用したいと思うホテルでした！",レジャー,恋人
18,ニッコースタイル名古屋,2021年04月,5,"
    クチコミが良かったので予約しました。駅からすぐではありませんが、静かに過ごすことができます。アフタヌーンティー、朝食を利用しましたが、スイーツも朝食も本当においしかったです。朝食は3種類あったので、また次の機会に他の朝食もいただきたいです。ハッピーアワーもやっていたので次回は2泊くらいゆっくり過ごしたいです。大満足でした。",その他,友達
19,ニッコースタイル名古屋,2021年04月,5,"
    今まで泊まったホテルでNo. 1オシャレなホテルでした。他にもレンタルサービス豊富で驚きました。少し歩けば栄エリアなのでとても楽しい旅行になりました。ありがとうございました！",レジャー,恋人
20,ニッコースタイル名古屋,2021年04月,5,"
    部屋がとても綺麗で快適に過ごすことができました。空気清浄機があり乾燥を気にすることなく快適に眠れました。また、Bluetoothスピーカーで自分の好きな音楽を流したり、テレビではヒーリング音楽（BGM）も流すこともでき良かったです。朝食はBセットのフレンチトーストをいただきました。サラダ・パン・ドリンク・果物はビュッフェ形式でした。パンは1つ1つが小ぶりな分、様々な種類をいただくことができ満足です。味はもちろん、木目調でおしゃれな空間も文句なしです。コロナ禍の中、丁寧で快適なサービスをありがとうございました。",レジャー,恋人
21,ニッコースタイル名古屋,2021年04月,5,"
    4月16日から1泊素泊まりでした。とてもきれいでした。",ビジネス,その他
22,ニッコースタイル名古屋,2021年04月,5,"
    高級ホテルでもビジネスホテルでもないデザイン性の高いホテルを好んで泊まっています。ゲンスラー＆アソシエイツのインテリアデザインと聞いて即予約しました。エッジーなデザインではありませんがほどよくカジュアルで居心地はよかったです。洗面が個室でなく部屋にあるのも最近の傾向で使いやすくて好きなレイアウト。洗い場のある浴室もリラックスできて良いですね。シャンプー、コンディショナーなどが個別包装なのも安心でした。最後に。バスタブのお掃除だけ気になりました。(ためた湯の位置にざらつきが残っている…)",ビジネス,一人
23,ニッコースタイル名古屋,2021年03月,5,"
    息子と2泊しました。全体的に良い滞在になりました。立地は一応、地下鉄3駅利用できる距離です。少し離れていますが許容範囲です。チェックインはスムーズでした。子供のアメニティを渡してくれましたが、子供のパジャマの有無を聞くと渡してくれました。事前に送った荷物についてはふれられませんでした。当然、部屋には荷物がありました。部屋は清潔で使い勝手も良かったです。バスルームも清潔でよかったです。ただ、ドライヤーに長い毛が絡まっており気持ち悪かったです。前の客が悪いと思いますが残念でした。朝食は良かったです。明るい店内で子供にも優しいサービスでした。ハーフブッフェで量も過剰でなく残さず食べれるのが気持ち良いし、コーヒーも良かった。夜に飲み足りなかったので、ワイン等をいただきました。値段はホテルのバーと考えてると安いと思いました。チーズも良かったです。個人的にはもう少し切れるナイフか、もう少し細かくカットして欲しいです。また機会があれば宿泊したいと思います。",レジャー,家族
24,ニッコースタイル名古屋,2021年03月,5,"
    部屋が綺麗で広かったのでとても快適に過ごすことができました。アメニティも充実していて楽しむことができたので大満足です！",レジャー,恋人
25,ニッコースタイル名古屋,2021年03月,5,"
    結婚記念日のお祝いを兼ねて、近くでゆっくり過ごす事が出来ました。フロントのスタッフの方が色々快く対応してくださり、気分良くチェックインしました。ありがとうございました。この日は、あいにくの雨でしたが、今度は自転車をレンタルして運動と気分転換に外出してみたいなと思います。小さなイベントも時々あるようで、是非また伺いたいです。",レジャー,家族
26,ニッコースタイル名古屋,2021年03月,5,"
    接客がとても良く、サービスも満点でとても過ごしやすい旅行になりました。また行きたいです。",レジャー,恋人
27,ニッコースタイル名古屋,2021年02月,5,"
    バスとトイレが別だから快適でした。部屋も広くてゆったりくつろげました。自販機がないのでコンビニがもう少し近いとありがたいですね。",ビジネス,恋人
28,ニッコースタイル名古屋,2021年03月,5,"
    部屋も綺麗で、お風呂も大きく大変満足でした。天気が悪かったのですが、スタッフの方の対応も声かけも大変良かったです。気持ちよく過ごさせてもらいました。ハンドソープも凄く良く、ネットで思わず探してしまいました。買えませんでしたが....ただ一つ言うなら、入浴剤の香りが少しきつかったです。(好みなので仕方ないですが...)",その他,恋人
29,ニッコースタイル名古屋,2021年03月,5,"
    建物も綺麗でチェックインの時の対応も良く、全体的に満足でした。立地は名駅からだと少し歩くかなといった感じで、荷物多いと少し不便かもしれません。お部屋はよく掃除されていて快適でしたが、1つだけ気になったのがお風呂に椅子と桶が無かった事です。それがあればもっと良かったかなと思いました。それ以外の点で不満な所はなく、気持ち良く利用させていただきました。",レジャー,恋人
30,ニッコースタイル名古屋,2021年03月,5,"
    3月末の金曜日に宿泊しました。レセプションから全て明るくて洒落たカジュアルスタイルで清潔感高い印象でした。デラックスキングルームに泊まりましたが、部屋は充分な広さがあり浴槽も大きく、とても過ごしやすかったです。朝食は3200円で割高感有りますが、主食だけでなく、自由に取れるサラダやパンやドリンク類の質が高いので、満足感がありました。朝食時、美味しくないから食べない、という我儘な女性客が居ましたが、冷静かつ丁寧に接客されていました。難を言えば、車で行くと見つかりにくい事と、部屋の備品が凝り過ぎていて使いづらかった事ぐらいです。また、泊まりたいと思います。ありがとうございました。",レジャー,恋人
31,ニッコースタイル名古屋,2021年03月,5,"
    この価格でこのクオリティにはとても驚きました。高級感のあるお部屋と広くて綺麗なお風呂にとても癒されました。アメニティもとても充実しており、1人に対して1つのシャンプー、リンス、ボディソープが小さいチューブで用意してあることにはとても驚きました。スリッパやパジャマも可愛かったです。名古屋に行くときはまた泊まりたいと思います。",レジャー,家族
32,ニッコースタイル名古屋,2021年03月,4,"
    ホテルに付いている駐車場はすぐ埋まってしまいますが、近くの駐車場やホテルの駐車場より安いところを教えてくださりました。また、バス・トイレ別でとても良かったです。",レジャー,恋人
33,ニッコースタイル名古屋,2021年03月,5,"
    3月20日に宿泊しました。この日は彼女の誕生日でホテルに事前にサプライズ等の打合せをさせていただいていました。当日はサプライズはもちろん、スタッフの方々の対応が素晴らしく、心に残る日となりました。また、宿泊したいと思いました。",レジャー,恋人
34,ニッコースタイル名古屋,2021年03月,5,"
    彼女の誕生日に宿泊させて戴きました。サプライズでプレゼントの花束をディナーの間にお部屋に飾っていただきました。彼女は泣いて喜んでくれました。このホテルのご協力のおかげで、とてもよい誕生日プレゼントを贈れたと思います。本当に感謝です。ディナーもモーニングも本当に美味しく、非の打ち所がないとはまさにこのことだと思いました。",レジャー,恋人
35,ニッコースタイル名古屋,2021年03月,5,"
    お部屋も広くとてもゆっくり過ごせました。立地は名古屋駅からだと少し歩きます、ほぼ地下鉄一駅分ぐらいです国際センター駅が一番近いですか桜通線を待つぐらいなら歩いた方が早いと思います。ただ新幹線口からだとかなり歩くイメージなので、新幹線口ならタクシーがオススメ。コンビニは道路を渡った所が一番近いかと思います。お部屋は広く清潔で大変良かったです。また、お風呂も広くてとてもリラックスできました。シャワーの水圧も弱から強と幅を持っており大変良かったです。お風呂には椅子などはないので、少し高齢の方は辛いかも。ドライヤーが私にはあっていなかったのですが、カールドライヤー等が借りれるみたいです。テレビはYou TubeやNetflix(要ログイン)等が見れるようになっており、HDMIもあったのでコードを持っている人は接続して携帯画面も見れるかもしれません。個人的には体重計があったのも嬉しかったです、洗面台が濡れてしまった時に拭けるような小さなタオルがあるといいなと思いました。",その他,一人
36,ニッコースタイル名古屋,2021年03月,5,"
    名古屋駅近くで結婚式に参列するために、３歳児と赤ちゃんを連れて宿泊しました。チェックイン前でしたが、結婚式の集合時間が迫る中、授乳や着替えのできる場所が見つからず困っていたところ、フロントの方が臨機応変に対応してくださりとても助かりました。駐車場の管理人さんもとても優しい方でしたし、朝食の際もスタッフの方々皆さん親切でした。部屋はゆったりしていて子供たちは大きなベッドにゴロンとして楽しそうでした。洗面スペースが開放的で子供の様子を見ながら身支度ができるのも大変使いやすかったです。また宿泊したいと思います！",その他,家族
37,ニッコースタイル名古屋,2021年02月,4,"
    この金額でこの綺麗さ広さ充分満足できました。",レジャー,一人
38,ニッコースタイル名古屋,2021年03月,5,"
    良いホテルでした。部屋はきれいで、正方形の部屋も使いやすく、大変くつろげました。メイク落としもフロントにいただけ、満足です。",レジャー,家族
39,ニッコースタイル名古屋,2021年03月,5,"
    フロントスタッフの方の雰囲気がとても素敵で、質問に真摯に答えてくださったり、エレベーターを待つ間世間話をしてくださったり、アットホームな雰囲気でした。また、部屋もとても広く、客室内のアメニティやウェルカムドリンクなど全てに大満足でした。",その他,恋人
40,ニッコースタイル名古屋,2021年03月,5,"
    久しぶりにレベルの高いホテルに泊まると、気持ちでいいですね。また利用したいです。ちなみにベッドのマットレスはどちらの商品でしょうか。非常に気に入ったので購入したいので教えてくれると嬉しいです。",レジャー,家族
41,ニッコースタイル名古屋,2021年03月,3,"
    食事に関して、これなら立地も良いので外で食べた方が良かったかなと思いました。ゆっくり食べたいのに、食事が出てくるテンポがとにかく早く、説明もないので、なんだかファミレスみたいでした。もし宿泊される方は円頓寺も近いので、外で食べることをお勧め致します。",レジャー,家族
42,ニッコースタイル名古屋,2021年02月,5,"
    スタッフの皆様が丁寧で優しく素敵な時間を過ごす事ができました。",レジャー,家族
43,ニッコースタイル名古屋,2021年02月,5,"
    すごくきれいでした！数十年前、日航で結婚式を挙げたので、懐かしくてニッコースタイルを予約してみました。日航のマークがちょっと嬉しくて懐かしくて(^^) 何もかもが清潔で、部屋も広くて、お値段も安くて、その上スタッフさんも素敵で言うことなかったです。",その他,家族
44,ニッコースタイル名古屋,2021年02月,5,"
    毎回スタッフは　レストラン含め最高です。駐車場に行く道が　ちょっと慣れないと難しいのみが難ですが",ビジネス,一人
45,ニッコースタイル名古屋,2021年02月,4,"
    地元の住民ですが、お気に入りホテルで誕生日をゆっくり祝いたいと思い利用しました。今回朝食は和食を選びましたが、料理やお味噌汁が冷めていたのが残念でした。スムージーとはちみつをかけたヨーグルトは美味しかったのと、コーヒーを紙コップで部屋まで持って行けるのは良かったです。会員だと誕生日特典があると事前にメールをいただいていましたが、ホテル直接予約でないと受けれないとか、レストランで利用券を使う場合は２０％引きにならない等、取り決めがあるなら予約時に記載していただきたかったです。インテリアやゆったりとした空間で、自分の中では上位になるホテルです。また機会があれば利用したいと思います",レジャー,家族
46,ニッコースタイル名古屋,2021年02月,5,"
    彼女の誕生日祝いに利用しました。自分で用意した誕生日ケーキの保管を依頼しましたが、快く引き受けてくださいました。指定の時間に部屋へケーキを持ってきてくださり、サプライズも大成功しました。もちろん部屋の居心地も良く、非常に満足した1日を過ごせました。",レジャー,恋人
47,ニッコースタイル名古屋,2021年02月,5,"
    部屋が広くきれいで、お風呂とトイレも別々でとても快適に過ごせました朝食も三種類から選べ、プラスパンやヨーグルト、ドリンクほバイキング方式でお腹いっぱいで満足ですコーヒーは紙コップで部屋に入れてもって帰ることができるサービスがあり、嬉しかったです名古屋駅の新幹線口までは、天気が良ければ歩ける距離です10分くらいかかったかなという感じです",レジャー,一人
48,ニッコースタイル名古屋,2021年02月,5,"
    最高の旅行になりました。",レジャー,友達
49,ニッコースタイル名古屋,2021年02月,5,"
    部屋が広く、バストイレが別なので大変くつろげました。無料で入会できるホテル会員はレストランが20％オフで利用出きるのでお得です。",レジャー,家族
50,ニッコースタイル名古屋,2021年02月,5,"
    誕生日に部屋で飲食するのに利用しました。ソファやテーブルがあるお部屋だったのでテイクアウトしたものを広げてゆっくりと過ごすことができました。ベッドはキングサイズで二人で泊まるにはもったいないぐらいのスペースでした。",レジャー,恋人
51,ニッコースタイル名古屋,2021年02月,4,"
    2回目の利用でした。スタッフの方が、にこやかな方と不愛想な方がはっきり2つに分かれています。初回は施設が新しいので気にしないようにしていましたが、2回目はやはり気になりました。親切でにこやかな方が、ホテルマンとしてプロを感じます。レストラン、ドリンクサービスの男性、女性が特に不愛想です。何か馬鹿にされたような気持になります。朝食は、初回はヨーグルトやパンや和食の卵や海苔など全てセットしてもらえましたが、今回からは自分で取りに行かねばいけませんでした。コロナ禍ではあまりうろうろしたくないので、セットしてあるとありがたいです。お代わりしたい人だけ補充しに取りに行くという形でもいいと思います。朝食のジュースやコーヒーは相変わらず美味しいです。今後は宿泊とは別にレストランも利用してみたいと思っているので、スタッフの方がにこやかな対応だといいなぁと思いました。室内は文句なしで、清潔で特にここはお風呂が深くしっかり入浴できて気に入っています。またお邪魔したいなと思っています。お気に入りのホテルです。あと、今回は3人で泊まりましたが、部屋のベッドの位置が写真と違って大変困惑する位置でした。ツインベッドの窓際にTVに向かって縦側に置いてあると思っていましたが、TVに向かって平行においてあり、ベッドとベッドの間にどう座っていいかもわからないようなソファーの位置。これでは冷蔵庫側の棚も使いづらいし、ベッドの間に挟まれて夜を過ごさなければいない。部屋で食事もしたかったので、普通に写真画像のようなトリプルルームに家族でベッドを移動して疲れました。写真通り、リビングルームの空間ができてリラックスできたので、トリプルルームはそのほがいいと思いますよ？それも気になったのでお伝えしておきますね。それ以外は本当に今回も満足できました。基本素敵なホテルです。",レジャー,家族
52,ニッコースタイル名古屋,2021年02月,5,"
    たびたびリフレッシュのため利用させていただいております。地元限定のお得なプラン(レストラン利用券2000円分＋平日駐車場無料)で念願のアフタヌーンティーも楽しめて大満足です！以前より要望しておりました浴用椅子の導入が決まったとのこと、大変嬉しく、またわがままな希望をご検討くださったことに感謝いたします。ありがとうございます。近々、またリフレッシュしに行く予定がございますので、もしそれまでに準備が整っているようであれば、ぜひ利用させていただきたいと思います。また素敵なスタッフの皆様にお会いできるのを楽しみにしております。",レジャー,一人
53,ニッコースタイル名古屋,2021年02月,5,"
    ２月１０日に宿泊しました。緊急宣言下ではありましたが法事の用で泊まりました。オープンから半年と出来たてホヤホヤの新しいホテルでした。無駄な必要以上の飾りつけがなくシンプル且つモダンなデザイン、機能的な部屋の配置で気持ちよく利用させて貰いました。朝食もコロナ対策シッカリされていて安心して戴きました。和食を食しましたが味付けも食材もとても工夫されていて美味しかったです。機会があればまた利用したいです。",その他,家族
54,ニッコースタイル名古屋,2021年02月,5,"
    素敵なホテルでした。文句の付け所ありません。朝食時、コーヒーメーカー前で立ち止まっていたところ状況を察してお声がけいただきました。アイコンタクトもなにもしていないのにもかかわらず、こちらに気配りしてくださいました。この一つの気配りをしてくださるのが大変嬉しかったです。また利用させていただきます。",レジャー,友達
55,ニッコースタイル名古屋,2020年12月,4,"
    新しいホテルで全体に綺麗でしたスタッフの方も親切です近くにコンビニや食事処があるので困りません",レジャー,一人
56,ニッコースタイル名古屋,2021年02月,5,"
    同じ価格帯、それ以上のホテルをあちこち宿泊してきましたが、ここ最近では最も良かったです。同じオークラ系列のホテルでも新しいからか、頭一つ抜いて、とても素晴らしいホテルでした。唯一の欠点は最寄り駅からどこもそれなりに歩かないといけないことですが、それを差し引いても最高と言うしかないホテルでした。これからの名古屋出張のお決まりの宿にしたいなと思っています。",ビジネス,その他
57,ニッコースタイル名古屋,2021年01月,5,"
    子供の受験のため、連泊しました。お部屋は、絨毯部分がほぼないので、ホテルによくありがちな埃っぽさや臭いが全くなく、また広さもあるため、家のようにくつろげました。トイレとお風呂が別になってるのも良かったです。コロナ禍でしたが、衛生面での配慮もあり、安心して過ごせました。",その他,家族
58,ニッコースタイル名古屋,2021年01月,4,"
    ホテル全体はすごくオシャレで、新しいホテルなので設備、備品類は最新。事前に連絡しておいたリクエストもバッチリで、誕生日のメッセージもありスタッフの対応もとても良かったです。安眠グッズも用意されていて、ベッドは寝心地最高です。よく寝れた!！ジムも利用しましたが、最新の設備でした。ホテル全体でコロナ対策もしっかりされていて、安心して宿泊できました。立地は名駅からは少し不便さを感じました。中身パンパンのスーツケースを持っていたので、1番近い地下街からはエレベーター・エスカレーターもない。名駅→ホテルは軽い上り坂なので重たい荷物を持っては大変でした。宿泊翌日雨が降っていて、チェックアウト後荷物を預かってもらい、ショッピングに出かける際には大きくしっかりした16本骨の傘を貸していただきました。ホテルに戻る際にタクシーを利用したが、ドライバーはホテルを知らなかったので近くに降ろしてもらい歩いてホテルに戻りました。新しいホテルでコロナ禍真っ只中なので、知らないドライバーも多いかも…。お風呂とトイレが別なのは最高。ただお風呂のお湯、ストッパーを外しても温度を上げても熱くならなかった。それが少し残念でした。",レジャー,家族
59,ニッコースタイル名古屋,2021年01月,5,"
    こちらのホテルの利用は3回目になります。地元のホテルですがスタッフさんの応対も素晴らしいですし、美味しいコーヒーとくつろげるお部屋が魅力でついついリフレッシュしに行ってしまいます。今回は期間限定のハッピーアワー(早夕食)、翌日の朝食、ランチとレストラン＆カフェもフル活用させていただきました。ひとりでの利用でもウェルカムな雰囲気なので、気後れせず心地よく過ごせます。",その他,一人
60,ニッコースタイル名古屋,2021年01月,4,"
    あまり出歩けなかった為、チェックイン後は部屋にいました。シンプルな部屋でしたが、足りないものなどもなく良かったです。",レジャー,家族
61,ニッコースタイル名古屋,2021年01月,5,"
    名古屋で泊まるお気に入りのホテルの一つです。名駅からは離れていますが、落ち着いていて良い感じです。",その他,その他
62,ニッコースタイル名古屋,2021年01月,4,"
    部屋がモダンで広くて快適",ビジネス,一人
63,ニッコースタイル名古屋,2021年01月,5,"
    1/11泊。市内在住なのですが、この時期人混みへのお出かけを控えているので、娘とホテルで楽しくお籠もりする為に利用させていただきました。家での過ごし方と変わらないのですが、非日常的な空間で、近隣の大好きなお店のケーキをテイクアウトしたり、大画面で配信アプリによる映画やYou Tubeを観たり、置いてあるBluetoothスピーカー使って音楽を聴いたり、お部屋にある美味しいコーヒーをいただいたり、持ち込んだ本を読んだり、足を充分に伸ばして入浴剤入れてお風呂に入ったり、フォトジェニックなお部屋や館内を沢山写真に残したりと充実な時間の過ごし方ができました。ソファーも簡易的なものではなく、足も伸ばせクッションもついてるので、ほとんどの時間をソファーの上で過ごしました（笑）又こういう利用の仕方をさせてもらい、こちらのホテルやスタッフの方を微力ながら応援したいと思いました。",レジャー,一人
64,ニッコースタイル名古屋,2020年12月,3,"
    アクセスフリーを進めていると思うが、ホテルの売りにしているコンセプトがよく分からない。設備は新しいから綺麗のだと思うけど、もう一度泊まろとは思わないかな。あと、朝食があの値段だったらちょっと高過ぎるので付けないかな。",レジャー,家族
65,ニッコースタイル名古屋,2021年01月,5,"
    近年になく素晴らしい滞在となりました。清潔な部屋、暖かいサービス、心地よいベッド、大きな浴槽、設備…。部屋の使い勝手も最高で、心地良さから時間がすぐに過ぎてしまいます。名古屋の定宿が見つかったようです。ありがとうございました。",レジャー,一人
66,ニッコースタイル名古屋,2021年01月,5,"
    着いてすぐウェルカムドリンクチケットを貰えたのですが、ビールを選べたのが嬉しかったです。部屋は清潔感があり、お洒落です。ベットの前にゆったりしたソファーがあり、子供が寝た後にゆっくり晩酌が出来ました♪バスタブは大きくて、180センチでも足が伸ばせて快適でした！アメニティはメイク落としや基礎化粧品まで用意があったので、助かりました。また機会あれば利用したいと思えるホテルでした。",レジャー,家族
67,ニッコースタイル名古屋,2020年12月,5,"
    市内で行われたコンサートの後、宿泊させて頂きました。名古屋駅まで徒歩圏内、栄からも地下鉄ですぐ、タクシーでも1000円弱くらいなので、便利でした。部屋の作りも洗面所とベッドルームと仕切れるようになっていて、お風呂に入るとき以外は仕切りを開けて広々として良かったです。セパレートタイプのお風呂だったので、歩き疲れた足もゆっくりほぐすことができました。GoToトラベルでお得に泊まれたので、コスパは最高でしたが、正規の値段だと少し考えてしまうかも知れないなぁというのが正直な感想です。今回の宿泊に関しては、値段もサービスも大変満足できる宿泊でした。",レジャー,家族
68,ニッコースタイル名古屋,2021年01月,5,"
    お部屋は広くてシンプルで可愛い！とっても綺麗で満足でした(^^)少し残念だったのが、アメニティの中に最初からスキンケア用品も置いといて欲しかったな…くらいです。",レジャー,家族
69,ニッコースタイル名古屋,2021年01月,4,"
    部屋はいいと思いますが、朝食がだめでした。",レジャー,その他
70,ニッコースタイル名古屋,2020年12月,5,"
    大晦日に宿泊しました。新しいホテルは気持ちが良いです。部屋の作りは華美ではなくシンプルで使いやすくて、部屋の中の洗面台は意外に便利で、しかも可動式の仕切りとなる扉方式が斬新ですが良い工夫がされて良かったです。部屋が有効的に広く感じます。朝食をいただきましたが和食はおせちとなっておりお正月気分が味わえて良かったです。少し残念だったのはパンの置き場の説明がなくわかりにくかったのと、せっかく貴重なヨーグルトと蜂蜜が用意されてましたがアピールがなく食べてる人が少なかったような、私はお尋ねしたりしてちゃっかりいただきました。美味しかったです。スタッフの方も感じが良くてまた利用したいと思います。最後にチェックアウトの時間を勘違いして遅くなりまして失礼しました。お世話になりました。",レジャー,家族
71,ニッコースタイル名古屋,2021年01月,5,"
    ビジネスホテルの良いところと、高級ホテルの良いところをうまく取り入れたホテルだと思いました。お部屋は無駄を省いたレイアウトで、備品やアメニティは高級ホテルに引けを取らないくらい素敵でこだわりを感じました。朝食もいただいたのですが、地場のものがたくさん使われていたことがとても好印象ですべておいしかったです。またぜひ宿泊したいと思っています。ありがとうございました。",レジャー,家族
72,ニッコースタイル名古屋,2020年12月,1,"
責任者から「人種差別はいかがなものか」とご高説を賜る事となり、後ろから捨て台詞も。何度「そちらのホテルの見解は伺わなくても結構です。ただ合わないだけだから」と言っても３，４回追いかけてきてホテルのスタンス等を話そうとされ怖い。人種差別とは事実無根。残念で憤りを覚えた。批判では無いが、特定の国のスタッフでほぼ占められ、簡単な日本語のみ対応可。分からない場合は、すぐ日本人に変わるという教育はされていない。スタッフの変更を頼んでも責任者は理由を尋ね無い。翌日全タッフは外国の方。仕事柄人種差別など一度もしたことが無いと自負しているがレイシスト呼ばわりをされるとは。●事前に見晴らし良く。小さなお子さんの隣、下の部屋以外をリクエスト。高齢者は眠りが浅い。希望として。チェックインで特定の国のスタッフが対応。リクエストに触れず、言葉もよく理解できないようで何か言っても無言で下を向いて何やら操作している・他のお願いにもにも返答無く無言・基本以外の言葉に対応不可だ「日本人に変わってください」と２度も言う。●フロントに電話。途中で切られ、こちらがかけ直すも出た本人が自分が切ったと謝らない。指摘後「私が切った」と。●タクシーを頼んだ。２０分早く到着の電話。時間認識に齟齬があるが責任者は何故間違いがおこったか曖昧にした。運転手さんに悪い。慌てた●1階で耳をつんざくような、大音量の音楽。●チェックアウト時も日本語が分からず。●こちらの顔の近くに顔を寄せて喋る。●帰る時、責任者に「日本人に変わって欲しい」と数回言っているのだからそうしてください」「今は政治的なこともあるから特定●●の人にある種の感情がある人もいるんじゃないの？（一般論で言っている）」と言ったら上述の「人種差別は良く無いんじゃ無いですか」と。どちらが差別主義者なんだろう。何か啓蒙を任じていらっしゃるのか？スタッフの交代を頼んだら差別か・２度も自分で交代し整合性は？●後日クレームを入れた。営業の責任という人が出て「その責任者からは○さんが△人のスタッフの前で△人は嫌だから変わって欲しいと言われていたと報告を受けていますと。事実無根である。どんなスタンスで経営されても自由。東京の母体のイメージが強すぎた自分はプロのホテルマンが見たいのだと思い至った。",レジャー,家族
73,ニッコースタイル名古屋,2021年01月,4,"
    子ども連れで利用しました。チェックインの手続きの際は、スタッフの方が、子どもの相手をしてくださりスムーズに終えることができました。他にもいろいろスタッフの方には声をかけていただき、子どもがいても安心して過ごすことができました。ジムもほぼ貸切状態で快適でした。",レジャー,家族
74,ニッコースタイル名古屋,2020年12月,5,"
    名古屋観光のために宿泊させていただきました。名古屋と伏見の中間にあったので、どちらも徒歩圏内で移動することが出来たのはよかったです。最近開業したということで、部屋はとてもオシャレで充実した時間を過ごすことができました。デートでの利用でしたが、とても満足のいくホテルでした。",レジャー,恋人
75,ニッコースタイル名古屋,2020年12月,5,"
    12月17日に宿泊しました。室内の雰囲気が、アットホームな感じがして大変良かったです。広々として照明も良くて今年1番良かったですね。",レジャー,家族
76,ニッコースタイル名古屋,2020年10月,3,"
    新しいホテルなので部屋は快適でした。ただ、夕方１階でDJのイベントを長時間やっており、驚くくらい大変にうるさくて隣接の喫茶店での打ち合わせでは、マスクを外して大声を出さないと何も聞こえなかった。このコロナの時期にどういうつもりでしょうか。",ビジネス,家族
77,ニッコースタイル名古屋,2020年12月,5,"
    すごくきれいで清潔感がありました。また、利用したいと思います。",レジャー,恋人
78,ニッコースタイル名古屋,2020年12月,4,"
    初めて利用しましたが、スタッフの対応も良く、またスタイリッシュで良かったです。次回は、レンタサイクルを利用したいです。",ビジネス,恋人
79,ニッコースタイル名古屋,2020年12月,5,"
    皆さん仰る通りとても素晴らしいホテルでした。スタッフさんの対応やお部屋のデザイン性は最高です。朝食が＠3200はやや高めに感じました。ラウンジが広いのも良かったです。また宿泊させていただきます。",その他,一人
80,ニッコースタイル名古屋,2020年12月,5,"
    接客もご丁寧にして頂いて、お部屋もすごくよかったです！！住みたくなるくらい居心地良かったです！ありがとうございました^_^",レジャー,友達
81,ニッコースタイル名古屋,2020年12月,5,"
    青春時代まで過ごした名古屋で娘と一緒に泊まりました。娘の志望大学の環境確認と観光を兼ねて久し振りに訪れた名古屋での一番新しいホテルにワクワクしました。バストイレが分かれているホテルは初めてだったので、落ち着いて入浴出来ました。部屋もオシャレなワンルームのようで自宅のリフォームの参考にしたいと壁紙や床まで写真に撮ってしまいました。娘の受験が終わったらまたここに泊まりたいねと、話しています。その時は上の階に泊まらせて下さいね。",レジャー,家族
82,ニッコースタイル名古屋,2020年12月,4,"
    駅からは少し離れていますが　満足できるホテルでした。コーヒー、朝食、とても美味しかったです。接客も良かったです。　部屋も過ごしやすく綺麗で　アメニティーも良かったです。　足が悪いので　お風呂に椅子が欲しいです。",レジャー,家族
83,ニッコースタイル名古屋,2020年12月,4,"
    名古屋駅からホテルに向かう際、迷子になってしまいました。ホテルに電話をして場所を聞いた所、電話をつないだままホテルまでナビして頂きました。このホテルはお客様を大事にするホテルだと思いました。少し値段が高いので、なかなか宿泊出来ませんが、また宿泊したいと思います。",レジャー,一人
84,ニッコースタイル名古屋,2020年12月,5,"
    受付の方々が、テキパキとしていて、それでいて温かく対応してくださり、とっても好感を持ちました。新しくてスタイリッシュなホテルで、スタッフさんが温かく、それでいて手頃なので最高でした。駐車場にいた男性のスタッフさんも、駐車の際とても親切にしてくださって助かりました。お部屋も、おしゃれなのはもちろん、とても清潔感にあふれていて、素敵でした。そして、入り口すぐの頭上にあるしゃちほこ、めっちゃ良かったです^^",レジャー,家族
85,ニッコースタイル名古屋,2020年12月,5,"
    一泊2日の旅行で利用させて頂きました。駅から少し距離はありましたが、お部屋も綺麗でカジュアルで落ち着きました。朝食も選べるプレートと食材にこだわったものが頂けて満足しました。",レジャー,一人
86,ニッコースタイル名古屋,2020年12月,5,"
    お値段以上のホテルです。次も絶対にニッコーさんに宿泊します。まずは、フロントの対応がすごく良かったです。フロアサインや壁にかけられているの布などの質問にも丁寧に答えてくれました。朝食のレストランでちょっと面倒なお客さんがいた時も、スマートな接客で感心しました。部屋のWiFiも速度十分でしたし、ネトフリなども大画面テレビで見放題。好きな音楽もブルートゥースで飛ばして聞くこともできます。部屋の枕は最高でした。今までたくさんのホテルに泊まりましたが、史上最高枕でした。アメニティもいい香りでバスソルトも２つあったり、チューブタイプのシャンプーなどもとても良い品質のものでした。ドライヤーも「復元ドライヤー」。帰りに家電量販店を覗いたほどです。朝食もカトラリーや食器が可愛かったです。東海三県の食材を使ってくれていて、楽しくなりました。特にハチミツは香り高く、ビックリしました。最後に立地ですが、名古屋駅からは少し離れています。けれども、地下街を歩いてこれるので特に遠く感じません。また、周辺には小さな面白いお洒落な飲み屋さんが多いので食べるのにも困りません。日程が合えば納屋橋夜市も楽しめるでしょう。地元の瀬戸焼や有松絞を使ってあってホテルの雰囲気をぐっと上げています。シャチホコがかっこよく随所にモチーフとして飾ってあります。とにかく、凄くリラックスして、とてもいい気分で過ごすことができました。必ず再訪します。随所におもてなしへのこだわりが感じられてその姿勢が嬉しかったです。また、感染症対策にもかなり気を使っているようでした。このレベルやモチベーションを保つのは大変だと思いますが、ぜひ保ち続けていただきたいです。",レジャー,家族
87,ニッコースタイル名古屋,2020年12月,5,"
    以前から利用したいと思っていましたが、サービス含め期待を大きく越えていて大変良いホテルでした。ドライヤーが復元PROだったり、スピーカーで自分の好きな音楽聴けたりWi-Fiも爆速かつ好きな動画も見放題でだらけるスタイルの過ごし方にがっちり当てはまっていたようで最高でした。今まで泊まってきたホテルの中で一番快適なステイを楽しめました。素泊まりでしたが、次回は食事も利用してみたいのてぜひまたリピートしたいですよーって",レジャー,恋人
88,ニッコースタイル名古屋,2020年12月,5,"
    部屋はセンスが良く広くて居心地が良いです。気に入って連泊することにしました。1階カフェでのDJイベントもステキでした。",レジャー,一人
89,ニッコースタイル名古屋,2020年12月,5,"
    新しいホテルと言うのは、やはり気持ちの良いものです。部屋は無駄のない洗練されたデザインでありながら、ゆったりとした空間にはソファーなど充分くつろげる仕様が工夫されていました。洗い場付きの風呂場も清潔感があり大変満足しました。スタッフの方々も程良く自然で良かったです。",レジャー,家族
90,ニッコースタイル名古屋,2020年12月,5,"
    友達とゆったり女子会をするために予約しましたが、おいしいアフタヌーンティーもたのしめて、朝御飯までついていてとても素敵なプランでした。外出があんまりできないなか久しぶりに充実した休日が過ごせました。ありがとうございました。",レジャー,友達
91,ニッコースタイル名古屋,2020年12月,5,"
    全開泊まった時にかなり好評で彼女が誕生日にも泊まりたい！と、言う程でした。かなりお気に入りでおすすめです。周りの人にもオススメしてしまうほど気に入りました！",レジャー,恋人
92,ニッコースタイル名古屋,2020年11月,5,"
    彼女との宿泊。スタッフさんの気持ちいい対応。広い部屋。近隣のアクセス。どれをとっても完璧でした。",ビジネス,恋人
93,ニッコースタイル名古屋,2020年12月,5,"
    GOTOトラベルにて 宿泊しました。お部屋も広く、ゆったりと 休めました。朝食がコロナ禍で 3種類の中から選んでください。でしたが、どれもいまいちで 残念でした。",レジャー,その他
94,ニッコースタイル名古屋,2020年12月,4,"
    名古屋駅近辺で、食事をしたあとに散歩しながら戻る距離として程良いです！",レジャー,友達
95,ニッコースタイル名古屋,2020年12月,5,"
    友人と2人で利用しました。価格の割には部屋が広く、オープンして約4ヶ月ということもあって非常に綺麗でした。また名古屋に行く機会があれば宿泊したいです。",レジャー,友達
96,ニッコースタイル名古屋,2020年12月,5,"
    期待以上、値段以上です！お部屋も広く、アメニティも充実しています。パンピューリのシャンプーなどの香りも最高でした！朝食もおいしかったです。スクランブルエッグに塩があるともっと嬉しかったです。デニッシュはシナモンと一言書いてあるとよかったです。シナモン苦手なのですが、コロナ対策で袋詰めされていたこともあり、見た目では何味かわかりませんでした。全体的には美味しかったので文句なしです。小物や装飾もとてもおしゃれで、ひとつひとつどこのものか調べてしまったほど！バスタオルもふわふわでしたが、どこのバスタオルでしょうか？買いたいくらいです。全部褒めたいくらい本当に良かったのですが、1点引き出しに入っていた小さいタオルをひろげると、髪の毛が1本入っていました。他全て完璧だっただけにしょんぼりしてしまいました。見落としがちな所で仕方ないとも思ったので、同伴者にも言わず使わずにしまっておきました。スタッフさんも皆さんとても感じが良かったのでまた行くと思います。",レジャー,恋人
97,ニッコースタイル名古屋,2020年12月,4,"
    部屋は、住みたくなるようなお洒落で落ち着きのある内装で大変満足しました。朝ごはんはもう少し改善の余地ありだと思います。値段と質と量が見合ってないような…今後に期待！",レジャー,家族
98,ニッコースタイル名古屋,2020年11月,5,"
    ニッコースタイル名古屋様に、お誕生日のお祝いとして利用させて頂きました。お部屋は　『　デラックスハリウッドツインルーム　』ご案内されましたのは、最上階の１４階でしたので、眺望は大変素晴らしく、名古屋の街並みが一望でき、夜景がとても素敵でした。お部屋に入りますと、スタイリッシュに纏められたインテリアに感動します。まず、一番に目に飛び込んできます洗面エリアですが、上部がオープンになっていますので、お部屋が広く見渡せ、とても開放感がございます。そして、ソファエリアにゆとりのあるレイアウトですので、圧迫感を感じる事なく、ロング・ソファでゆっくりお酒を愉しんだり、のんびりと寛ぐ事ができました。グラス類やカップ、ポット、アメニティ、ドライヤーなどの備品もとてもお洒落で、洗練されています。更に素晴らしいのは『　デラックスハリウッド　』のお名前の通り、ベッドでしょうか。横幅２４０ｃｍのキングサイズですから、二人で横になりましても、十分にゆったりと休む事ができました。こちらのベッドを『　雲の上に身体が浮いているかのようで、心地良かった　』と、主人が絶賛しておりました。また、バスルームとお手洗いは独立していますし、バスは浴槽とシャワーが別になっておりますのが、嬉しいですね。髪の長い女性にとっては、大変使いやすいバスルームです。お部屋のあらゆる所がお洒落でいらっしゃって、ホテルのこだわりが細部まで感じられ、快適なお時間を愉しむ事ができました。ニッコースタイル名古屋様、支配人様、スタッフの皆様。『　この度は、大変お世話になりました。』ニッコー・オークラ系のホテルに宿泊しまして、何時も思いますのは、ホテルマンさんのご対応の素晴らしさです。皆様のお優しいお心遣いに癒されまして、素敵な休日になりました。また、愛知に参ります際は、是非お寄りしたいと思います。",レジャー,家族
99,ニッコースタイル名古屋,2020年11月,4,"
    初めて泊まりました。スタッフの方も親切でよかったです。値段を考えると大満足でした！！",ビジネス,一人
100,ニッコースタイル名古屋,2020年12月,4,"
    施設が新しく洗練されていた。客室も広く使い勝手が良い。ジムが併設されているがジャージの有料レンタルがあると尚良い。館内にどんな施設があるか案内してくれると嬉しい",ビジネス,一人
101,ニッコースタイル名古屋,2020年12月,4,"
    お部屋は綺麗で、住みたくなるようなワンルーム。セパレートのバストイレで良かった。アメニティもホットアイマスクがあり嬉しい心遣いだなと思いました。立地的に仕方ないとは思いますが、ホテルの駐車場料金が高いのが難点。近くのコインパーキングより高いのには驚きました。",レジャー,家族
102,ニッコースタイル名古屋,2020年11月,4,"
    やっぱり風呂はユニットバスではなくて、広くてノンビリ浸かって、ユッタリ洗える落ち着ける風呂がいいですね。枕とクッションが多すぎて逆に邪魔でした(^_^;)カバーのない物は清潔感がなさそうで、使いたくはなかったです。m(_ _)m",レジャー,家族
103,ニッコースタイル名古屋,2020年11月,5,"
    gotoキャンペーン等の割引がないと一人利用では割高感は否めませんが、二人以上の場合は通常料金に戻っても寧ろリーズナブルだと思いました。お部屋はスタイリッシュ。バスルームは広くて快適。レストランは天井が高くて居心地が良いです。アフタヌーンティーで利用した際、抹茶ラテを作ってサーブして下さった女性はマスク越しでも笑顔が伝わり、とても感じが良かったです。名古屋駅から少し離れた立地ですが、すぐ近くに柳橋中央市場もありますし、なかなか面白い滞在ができるのではないかと思います。",レジャー,一人
104,ニッコースタイル名古屋,2020年11月,3,"
    布団に髪の毛がまとまって落ちてたのはご愛敬(？)。もう少し掃除には力を入れて欲しいですね。トリプルルームはちょっと手狭なので部屋の広さが同じならダブルがベストです。またまだキレイで新築同然、gotoで格安で泊めて頂きました。",レジャー,家族
105,ニッコースタイル名古屋,2020年11月,4,"
    3泊しました。部屋は、広く快適に過ごせました。バストイレ別なので、お風呂タイムも満足でした。備品にバスローブがあればもっといいのになと思いました。駐車場も利用しましたが、もう少しお安くならないかなと思いました。",その他,一人
106,ニッコースタイル名古屋,2020年12月,5,"
    洗練された部屋でとても心地良く過ごせました。ホテルスタッフの方々もとても丁寧な対応でした。また泊まりたいと思います。",レジャー,恋人
107,ニッコースタイル名古屋,2020年11月,5,"
    先ず、チェックイン時のフロントスタッフの対応が丁寧で良いホテルの予感がしました。部屋もいろんな細かい拘りがあり快適に滞在出来ました。",レジャー,家族
108,ニッコースタイル名古屋,2020年11月,5,"
    部屋は広く、静かな環境でゆっくり仕事ができ、夜は休めました。朝食も大変おいしかったです。",ビジネス,一人
109,ニッコースタイル名古屋,2020年11月,4,"
    初めて利用してとてもよかったので2度お世話になりました。部屋の広さ、バストイレも別なのにこれだけリーズナブルなのはこれだけ他にないかと思います。",レジャー,恋人
110,ニッコースタイル名古屋,2020年11月,4,"
    初めて泊まりました。住みたくなるようなお部屋でテンション上がりました。朝食も素材にこだわっているみたいで美味しかったです。フロントも外国人でしたが流暢な日本語で親切でした。",ビジネス,一人
111,ニッコースタイル名古屋,2020年11月,5,"
    今回初めて、宿泊させていただきました。ニッコースタイル名古屋さんのホテルは記憶に残るホテルとなりました。内装もすごくきれいで、泊まった部屋も、一瞬ホテルに泊まってる感がないくらい、ゆったりのんびりさせていただきました。スタッフさんの対応も良くて大満足でした。",レジャー,家族
112,ニッコースタイル名古屋,2020年11月,4,"
    新しくていいホテルですが朝食の3200円はちょっと高すぎます",レジャー,その他
113,ニッコースタイル名古屋,2020年11月,5,"
    10階の部屋を用意していただきました。　ドアを開けた瞬間、スタイリッシュなインテリアに目を奪われ、特にハリウッドツインルームのベッドの大きさに笑わずにいられませんでした。　寝心地も最高!バスは広く、トイレは別。　アメニティの香も心地よくリラックスできました。この空間をそのまま持ち帰りたい。　理想の部屋です。",レジャー,家族
114,ニッコースタイル名古屋,2020年11月,5,"
    最新の発想で良かったです。部屋も新しいく、広いので良かった。立地が残念だが、ファンになりました。また泊まりたいと思いました。",その他,家族
115,ニッコースタイル名古屋,2020年11月,5,"
    お部屋、館内すべてがとてもオシャレでした！スタッフの方たちのおもてなしに気持ち良く過ごすことができました。ありがとうございました。また利用します！",レジャー,家族
116,ニッコースタイル名古屋,2020年11月,5,"
    11/22～の連泊です。暮らすようにステイするホテル。居心地最高です。そこで一つリクエスト！連泊でホテルライフを満喫するには、お部屋のタオル枚数が少ないです。タオルの品質は良いですが、タオルとバスタオル一枚ずつだと数回お風呂入るには足りません。ハンドタオルもあると良いなあと思いました。歯ブラシやティッシュ等捨てていくと、洗面台の下にあるゴミ箱も少し小さいかなと思いました。お部屋に長くいたくなるからこそ気づいた点です。ベッドや枕、ソファ、チェア、どれもが部屋にいたくさせます。ホテル滞在時間がつい長くなってしまう居心地最高のホテルでした。また必ず帰ってきます。",レジャー,恋人
117,ニッコースタイル名古屋,2020年11月,5,"
    11/22～2泊しました。お部屋もゆったり快適な空間で、家で寛ぐようなゆったりした時間を過ごせました。朝食も一つ一つ厳選した素材を使っていて連泊でも飽きずにいただけました。スタッフの対応や気配りもよくおかげで気分良い朝食タイムになりました。今は夕食を営業していないのが残念ですが、ここはホテルから外出せず一日中ステイするのにはもってこいだと思いました。アメニティや、BGM、オブジェどれにもこだわりを感じ、リフレッシュできました。また名古屋で訪れたいホテルです。",レジャー,恋人
118,ニッコースタイル名古屋,2020年11月,5,"
    初めて利用しましたが、新しいホテルで綺麗です。部屋も広くて、バス、トイレ、アニメ等とても満足しました。また泊まりたいと思いました。",レジャー,家族
119,ニッコースタイル名古屋,2020年11月,5,"
    初めて利用させていただきました。アルコールやアンゲートでコロナ対策はしっかりされている印象でした。お部屋はお洒落で清潔感もあり、アメニティもとても良い香りで癒されました。テレビで映画も観れました。また、明るく好印象のスタッフの皆さんがとても親切で素敵でした。若干、駅から歩きますが許容範囲です。名古屋に訪れた際はリピートしたいです。",レジャー,家族
120,ニッコースタイル名古屋,2020年11月,5,"
    毎週名古屋のホテルに宿泊していますが、このホテルはかなり評価が高いです。とにかく部屋が楽しいです。いつもは外に食事や遊びに行きますが今回は初めて部屋でまったり滞在しました。コーヒー関連の仕事をしていますが、コーヒーと音楽が好きな方にはもってこいなホテルですね！",レジャー,一人
121,ニッコースタイル名古屋,2020年11月,4,"
    新築でとにかく綺麗！トイレとお風呂が別でとても良かった！食事は…。また宿泊したい！",レジャー,恋人
122,ニッコースタイル名古屋,2020年11月,5,"
    清潔感のある広々とした室内に最新の設備が設置してあり、ワクワク感とリラックス感を味わいつつ快適に過ごせました。特に良かったのは、GENEVAスピーカーで好きな音楽を素晴らしい音で楽しめたことと、朝食のコーヒーがとても美味しかったことです。アートに囲まれたロビーも素敵でしたし、今度は是非DJイベントが催される時に再訪したいと思います。",レジャー,家族
123,ニッコースタイル名古屋,2020年11月,4,"
    広々とした部屋で、ベッドは快適。空調や空気清浄機も静かで、全体に気持ちよく滞在できました。枕元のタッチパネルが一度の操作で全て消えるのが良かったです。お風呂やアメニティグッズにも高級感があり、リラックスできました。若干気になったのは、素通しのクローゼット。脱いだ服を見続けたくないので囲ったほうが落ち着くと思いました。洗面台の鏡の裏は、名古屋にちなんで「金の鯱」なのでしょうが、ほかの調度品が落ち着いて良い感じなので、ここまでしなくてもいいのでは…と思いました。食事ではコーヒー、九華ハチミツを入れたヨーグルト、ミックスジュースが美味しかったです。せっかく地元のの産品を使ったメニューなので、オーダー時にもっとアピールしたらいかがでしょうか。",レジャー,一人
124,ニッコースタイル名古屋,2020年11月,5,"
    駅より少し遠いことが難点ですが部屋のインテリア、アメニティー完璧ですインテリアがとにかく可愛い使ってみたかった復元ドライヤープロが置いてありました今回は1泊だけの宿泊でしたが、また機会があれば是非利用したいです。",レジャー,家族
125,ニッコースタイル名古屋,2020年11月,5,"
    11月18日に一泊しました。新しくて設備は最新、オシャレで名古屋にきたらまた泊まりたいです。駅からはやや歩きます。コンビニはファミマがありました。1階のレストランも雰囲気がよく利用してみたいと思いました。",レジャー,家族
126,ニッコースタイル名古屋,2020年11月,5,"
    さすが新しいホテル。30平米のお部屋に綺麗にまとめられていて、大変居心地良くて最高でした。お風呂もトイレもスタイリッシュでよかったです。",レジャー,恋人
127,ニッコースタイル名古屋,2020年11月,4,"
    チェックインしたとき便器にトイレットペーパーが入ってました。部屋、アメニティはよかったです。セーフティボックスとかテレビのリモコンの使い方は部屋にあったほうが良いかもしれません",レジャー,一人
128,ニッコースタイル名古屋,2020年11月,4,"
    今夏オープンしたばかりのホテルですが評価も高く、インテリア等も素敵で好みだったのでお得なプランで宿泊してみました。お部屋は1人で利用するには十分に広く、お風呂とお手洗いが別々なのもよかったです。ただお風呂にせっかく洗い場があるのに、椅子がないため終始立ったまま洗わなければならず、疲れたので、できれば椅子を置いてほしいです。朝食はこのご時世のため選べるプレートとミニビュッフェ形式でした。感染対策もされており安心して食事ができましたが、内容としては可もなく不可もなく、といった感じです。一番気になったのは、その日たまたまなのか、土地柄なのか、夜中に空ぶかしで排気音を響かせる車の音が10分以上、数回聞こえてきたことです、もちろん窓は閉じていますし、隣の部屋や廊下の音は全くと言っていいほど聞こえなかったのに、外からの音はかなり大きく聞こえてきたことです。名古屋駅や伏見駅に近いため、そのあたりの防音対策が必要かと思いました。",その他,一人
129,ニッコースタイル名古屋,2020年11月,4,"
    名古屋駅から徒歩圏内で近くに柳橋市場など飲食店もあります",レジャー,友達
130,ニッコースタイル名古屋,2020年11月,4,"
    部屋も綺麗でアメニティも沢山あり大変満足出来ましたが、立地条件だけが残念でした。車でしたので駐車場に行くまで、凄い細い道を通り、一方通行だらけで他に道はないのか、不安でした。ホテル自体は最高です。",レジャー,家族
131,ニッコースタイル名古屋,2020年11月,5,"
    11月13日に宿泊しました。アメニティが充実しており部屋も大きくて居心地がよかったです。スタッフの方も皆愛想良くサービスの質が高いと感じました。朝食も美味しかったです。",レジャー,恋人
132,ニッコースタイル名古屋,2020年11月,4,"
    フロントから全ておしゃれでした！お部屋も綺麗でベットも寝心地がよく、お風呂トイレ別なのが良かったです！このご時世なので備え付けのハンドソープと手拭き用のタオルがほしかったです。あとお風呂に椅子があればもっと快適でした。部屋にあった紅茶が美味しかったのと、パジャマの着心地が良かったです。",レジャー,恋人
133,ニッコースタイル名古屋,2020年10月,5,"
    10月31日に宿泊。スタッフの対応は丁寧でした。新しくてスタイリッシュですが無機質な感じではなく、有松絞りのクッションや金の鯱をイメージした鏡、部屋番号が記された陶磁器のプレートなど、手仕事のぬくもりや名古屋感(？)を感じました。空気清浄機付加湿器、折りたたみの鏡もあって便利でした。かなり歩いたので、足をのばせるサイズのバスタブはありがたかったです。朝食は女性には適量かと。フレンチトーストを美味しくいただきました。空いたテーブルをすぐに拭く、カトラリーはナプキンで覆う(スタッフが運ぶ時、置かれている時)など、感染予防対策も◎。",レジャー,家族
134,ニッコースタイル名古屋,2020年11月,5,"
    部屋に関しては、テレビの前にソファもありくつろげました！アメニティでは、いつもの歯ブラシなどの他にホットアイマスクなどもあり、今まで止まったホテルとは一味違って楽しかったです！ホテルから出て左手に進んで行き川を越えたお店のワインを飲みながらのチーズフォンデュは最高でした！",レジャー,恋人
135,ニッコースタイル名古屋,2020年11月,4,"
    ホテルの外観、部屋の内装共にとてもお洒落で良かったです。しかし自分が泊まった部屋はお風呂が少し狭く、椅子が無かったので少し残念です。",レジャー,恋人
136,ニッコースタイル名古屋,2020年11月,4,"
    スタッフの皆さんのきびきびしながらも親切な対応で気持ちよく過ごせました。お風呂が広くて疲れが取れます。こだわりの食材を使った朝食は美味しかったです。夕食は営業されていませんでしたが今度は夕食もいただきたいです。",レジャー,家族
137,ニッコースタイル名古屋,2020年11月,5,"
    朝食付のプランで宿泊させて戴きました。お部屋が空いており、グレードアップしてもらいました。金鯱のうろこの鏡や、有松絞りなど名古屋らしくとてもおしゃれでした。テレビではYouTubeが見れたり、Bluetooth のアンプがあったので、好きな音楽をゆっくり聞けました。朝食もとても美味しく大満足です。またの機会がありましたらまた泊まりたいです。ありがとうございました。",レジャー,家族
138,ニッコースタイル名古屋,2020年11月,5,"
    GOTOで友人と11/7に宿泊しました。新しいスタイリッシュなホテルでとても快適に過ごせました。特にスタッフの方々がとても気持ちの良い親切な対応で感動しました。アメニティや寝具はランクアップしただけの事があり、非常に満足しています。せっかくなので歯ブラシの品質だけは改善された方が良いと思います。おかげさまで素敵な旅になりました♪この度はありがとうございました。",レジャー,友達
139,ニッコースタイル名古屋,2020年11月,5,"
    アメニティーやお部屋の一つ一つに拘っておりとても満足できました。女性にとってはありがたいサービスが多かったと感じられます。",レジャー,一人
140,ニッコースタイル名古屋,2020年11月,5,"
    インテリアがステキでとても居心地が良かったです。連泊しても良かったかも。また泊まりに行きたいと思いました。アップグレードでDeluxe+Floorにしていただいたので、その感想になります。・充電ケーブルが充実している（Lightning、Type-C、micro、FOMA 3G、CDMA au）・Bluetoothスピーカーの音が良い・フットピローお借りして良かったです・バスとトイレが別で、バスに洗い場がある・複数の動画配信サービスを大画面TVで見られる(ログイン情報はTVの電源を切ると消去されるとのこと)・朝食がとても美味しかった(3種類から選択)コロナの影響でカフェ＆バーの夜間営業がなかったので次回利用できたら良いなと思っています。名古屋駅からは少々遠いですが、ユニモール（地下街）を通って国際センター駅3番出口から出れば、それほど遠さは感じませんでした。当日雨でしたが、傘を差すのは5分程で済みました。",レジャー,家族
141,ニッコースタイル名古屋,2020年11月,5,"
    友人3人での利用でした。とても素敵なお部屋で快適に過ごせました。内装もセンスが良く、休足時間やほっとアイマスクが嬉しかったです。",レジャー,友達
142,ニッコースタイル名古屋,2020年11月,4,"
    お部屋はおしゃれで綺麗でした。ただ、ベッド下に敷いていたカーペットの埃やゴミが気になったので総合評価マイナス1にしてます。お世話になりました。",レジャー,家族
143,ニッコースタイル名古屋,2020年11月,4,"
    新しく綺麗なホテルで、コンセプトにも今時なセンスを感じました。インテリアや備品、食事のどれも一つ一つにこだわりを感じました。スタッフの方もとても親切で丁寧な対応でした。",レジャー,恋人
144,ニッコースタイル名古屋,2020年09月,5,"
    アメニティが良かった。部屋も広く、おしゃれで、照明も明るかったため、また是非利用したいと思った。",レジャー,恋人
145,ニッコースタイル名古屋,2020年11月,5,"
    部屋も清掃が行き届いており、広々とした空間で清潔感がありました。食事もおいしかったですが、値段が高めに思いました。スタッフの皆さんも親切でした。",レジャー,家族
146,ニッコースタイル名古屋,2020年10月,4,"
    お部屋の構造がとっても素敵で良かったです。お風呂も綺麗でベットの硬さも調度よくぐっすり眠れました。朝食はビュッフェススタイルではなく、セットメニューを選ぶかたちでしたが、すごく美味しくて上品な感じで朝からいい気分でホテルを出発することができました。またこのホテルに泊まろうと思いました、ありがとうございました。",レジャー,友達
147,ニッコースタイル名古屋,2020年11月,5,"
    GOTOを利用して、お安く泊まることができました。アメニティが充実しているのがとても良かったです。朝食はコロナの影響か、サラダのブッフェはなかったですが、名古屋では有名なTRUNKCOFFEEのコーヒーが飲めるというのは嬉しいポイントだと思います。近隣にホテルもまだ増えてくるみたいなので、より一層頑張ってもらいたいです。",その他,家族
148,ニッコースタイル名古屋,2020年11月,5,"
    新しいホテルなので期待して行きましたが、期待通りでした。インテリアのセンスが良く、スタッフの皆様はとても親切で対応が良かったです。tokyobikeのレンタルができたのが1番良かったです。ママチャリではないので、快適に走れました。次回もぜひ利用したいです。",レジャー,家族
149,ニッコースタイル名古屋,2020年11月,5,"
    開業したばかりだけあってどこも新しくスタイリッシュで素晴らしい空間を味わうことができました。特にお部屋については、文句のつけようがないくらい素晴らしく、大変快適に過ごすことができました。HPの写真に偽りなし、むしろ、想像以上に良かったです。強いて言えば、スタッフの対応がもう少し、スマートであれば、なお良かったです。例えば、チェックインの時に、①車で来たかどうかの確認、②朝食券有無の説明、③エレベーターの位置、④朝食会場の位置、等の説明がありませんでした。①については、駐車場出入り口から入っているので、当然確認して然るべきですが、駐車券についての説明が全くありませんでしたのでこちらから確認しました。②についても「部屋番号のご提示のみで大丈夫ですので朝食券はありません」の説明がなく、こちらか確認しました。③④についても、こちらか「あちらですよね？」と確認しました。朝食の時も、こだわりのメニューの中から選択するのに、席に座るや否や「どれにします？」と訊ねてくるので、「せっかくなのでもう少しこちらもこだわって選んでいいですか？」と伝えたくらいです。このような点においてスタッフの気遣いがもう少しあればと思いました。朝食ももちろんとても美味しくいただきました。",レジャー,家族
150,ニッコースタイル名古屋,2020年11月,5,"
    子供も連れて泊まりましたが、部屋も広くテレビも大きく、大きなテレビで、映画やYouTubeも見えてお風呂もトイレも別々で、子供用のアメニティもいただけて、部屋も最高に綺麗でとても快適に過ごせました。ありがとうございました。",レジャー,家族
151,ニッコースタイル名古屋,2020年10月,5,"
    朝食がとても美味しかったです。大浴場も疲れがとれて、とても良かったです。また利用したいホテルです。",レジャー,一人
152,ニッコースタイル名古屋,2020年10月,5,"
    大浴場を利用出来てとても充実したホテルライフになりました。また、利用したいホテルです。",レジャー,家族
153,ニッコースタイル名古屋,2020年11月,5,"
    １１月２日に伊勢神宮の帰りに１泊しました。設備もよく、接客・朝食・スタッフの方々の対応等すべて素晴らしかったと思います。名古屋駅からも近く、駅からホテルまでの間にコンビニもありますし立地に問題もありません。妻も名古屋に宿泊する時はまた利用したいと言ってます。",レジャー,家族
154,ニッコースタイル名古屋,2020年11月,5,"
    出張帰りに名古屋の友人に会うためにこちらに宿泊。新しくできたホテルで朝食も美味しそうだったので決めました。チェックインが遅く、そこまでホテル滞在は堪能できていないためサービス面はわかりませんが、ホテルの近くには美味しそうなご飯屋さんもあって便利そうだなと思いました。最寄駅から少し離れてると感じましたが、名古屋駅までタクシーで近いのも良いです！朝食は3セットから選べて、それ以外にもパンやジュース、ヨーグルトなどを自由に食べれる感じで、美味しかったです。",ビジネス,一人
155,ニッコースタイル名古屋,2020年11月,5,"
    とてもおしゃれで清潔感がありピカピカでした。とても居心地が良かったです。責任者らしきスタッフも率先して動いているのがとても好感が持てました。お客様をもてなしたいという気持ちがすごく伝わる接客でした。名古屋駅から近く、移動にも便利です。名古屋に来るときはまたここに泊まりたいです。",レジャー,家族
156,ニッコースタイル名古屋,2020年10月,5,"
    新しくてキレイでお洒落で特にアメニティが良かったと思います。",レジャー,家族
157,ニッコースタイル名古屋,2020年10月,5,"
    清潔感もありおしゃれです。設備も整っており、足りないものはありません。コーヒー加湿器等も揃っています。",レジャー,友達
158,ニッコースタイル名古屋,2020年10月,4,"
    広い空間を感じる、落ち着けるホテルです。部屋のコーヒーはおいしかったです。アクセスが、もう一つかな。",レジャー,家族
159,ニッコースタイル名古屋,2020年10月,5,"
    おしゃれで素敵なホテルです。開業したばかりで、新しくて最先端の設備です。とても満足しています。",レジャー,家族
160,ニッコースタイル名古屋,2020年10月,5,"
    名古屋の真ん中で、素敵な癒しの空間です。また、是非利用したいです。",レジャー,家族
161,ニッコースタイル名古屋,2020年10月,4,"
    2回目の利用ですが、今回も気分の良い滞在が出来ました。ただ、朝食のメニューに代わり映えも無く、あまり食欲が出ませんでした。せっかくの良い部屋なのでまた訪れたいと思いますが、朝食に関しては変化がなければもういらないかな、と感じました。あとレストランの女性スタッフの対応の仕方が少し雑でファミレスレベルに感じられたので、オークラニッコーらしい品格のあるレストランであって欲しいです。今のままではランチ利用するにしても、近くのJALシティの方が優れています。",レジャー,恋人
162,ニッコースタイル名古屋,2020年10月,5,"
    ホテルの近くに用があったため、こちらを利用しました。開業したばかりなので、とてもきれいなホテルでよかったです。",レジャー,家族
163,ニッコースタイル名古屋,2020年10月,5,"
    新しくてきれい。おしゃれな雰囲気を味わえると思います。",ビジネス,一人
164,ニッコースタイル名古屋,2020年10月,4,"
    10月25日に宿泊。母娘で利用です。GOTOトラベルを利用したいけど遠くには行きたくないというので、お買い物、美味しい食事、そしてホテルに泊まろうと県内の名古屋駅周辺のホテルを検索、評価が高く新しいこのホテルに宿泊を決めました。フロントのチェックイン担当のスタッフは外国の方でしたが、丁寧で流暢な日本語で対応していただいて好印象でした。お部屋もコンパクトに設計されていて、全て新しいので気持ちよく過ごすことができました。ただ一つだけ残念なのが、朝食です。ビュッフェのパンやフリードリンクは◎ですが、ABCの3種類から選ぶメインプレートが量も少なく美味しくないです。朝食も楽しみにしていただけに、素泊まりにして駅近くで朝食を食べたほうが良かったなと思いました。他はすべて満足でした。ありがとうございました。",レジャー,家族
165,ニッコースタイル名古屋,2020年10月,5,"
    駐車場の案内からチェックイン、チェックアウトまでとても親切丁寧でした。また利用したいし、友達にもオススメしたいと思います！",レジャー,恋人
166,ニッコースタイル名古屋,2020年10月,4,"
    新築で細部に亘って丁寧な工事で作られた建物、部屋で、質の高い機材を使用し使いやすく住みやすい部屋、部屋の扉、トイレの扉、お風呂の扉まで音対策がされており、防音対策もハイレベル、アメニティも良いものを使用、名古屋駅も徒歩圏内、駐車場もホテルの周囲にコインパーキングも含めて沢山あり車での利用も問題なし。私はホテルの並び10メートルのコインパーキング24時間1900円で利用。食事は名古屋飯及び喫茶店のモーニングの外食したため評価不能。次回も名古屋では利用させて貰おうと思っています。お世話になりありがとうございました。",レジャー,家族
167,ニッコースタイル名古屋,2020年10月,5,"
    お部屋も広く、清潔感もあり、本当にリラックスできました！！！テレビにHDMIケーブルもついていたので、大画面でゲームをして楽しく過ごせました！アメニティもいい香りのものばかりで、タオルもフワフワで最高です。また、リピートさせていただきます！！！",レジャー,恋人
168,ニッコースタイル名古屋,2020年10月,5,"
    ビジネスで利用させていただきました。スタッフの皆様の対応が非常に丁寧で快適に過ごすことができました。部屋も広く非常に清潔でした。また、空調も行き届いているので、外の暑さ/寒さは気になりません。最寄り駅から少し遠いのが残念ですが、喧騒をあまり感じないという点ではゆっくりした感じで良いです。数日連泊すると朝食のレパートリーを一通り堪能できるのは嬉しいのですが、同じものだと飽きてしまう感もあるので、サラダや食後のフルーツ/デザートのレパートリーがもう少しあると嬉しいです。",ビジネス,一人
169,ニッコースタイル名古屋,2020年10月,5,"
    部屋は広く、とても綺麗で過ごしやすかったです。",レジャー,一人
170,ニッコースタイル名古屋,2020年10月,5,"
    きれいです。お風呂とトイレが別になっていて、浴槽も広くて良かったです。スタッフさんの対応もとても丁寧でした。",その他,家族
171,ニッコースタイル名古屋,2020年10月,4,"
    ビジネス利用させていただきました。機能的でおしゃれなお部屋。私の泊まった日は空いていたと思うのですが、あてられたお部屋ははホテル裏側。眺めはとても良いとはいえないものでした。今まで泊まったホテルで一番残念な眺めでした。ホテルスタッフのリクエスト対応はとても良かったです。新しく綺麗なホテルなだけに、お部屋の位置が残念すぎました。",ビジネス,その他
172,ニッコースタイル名古屋,2020年10月,4,"
    10月14日に家族で宿泊しました。ホテル自体が新しく、部屋の調度品はセンスがあって、快適に過ごせました。朝食は美味しく(かつ適量)、フロントの方にも良い対応をして頂きました。お願いが一つ、浴室に椅子を置くか、浴槽にシャワーを掛ける所が欲しいかな。",レジャー,家族
173,ニッコースタイル名古屋,2020年10月,5,"
    今回誕生日に2泊させて頂きました。お部屋も広くとても綺麗で気持ちよく過ごせました、またフロントの方などもフレンドリーで話しかけやすく貸し出し品など依頼した事を可能な範囲で迅速に対応していただきとても良かったです。（バースデーメッセージなども届けて下さりありがとうございました！）唯一残念なのは館内に自販機がない為、部屋のミネラルウォーターが無くなると近くのコンビニまで必ず買いに行かないといけなかった事です。それ以外はとても良くて、記念日などにまた泊りに来たいと思うホテルです。",レジャー,友達
174,ニッコースタイル名古屋,2020年10月,5,"
    新しく綺麗で、スタッフの皆様のホスピタリティも本当に素晴らしかったです。朝食も非常に美味しく、次回も名駅に泊まる機会があれば是非利用したいです。全体的には大変満足なのですが、更によくなることを期待して・2名で泊まったのですがバスタオルが2枚でした。夜朝使用することもあるので、1枚は余分に備え付けられていると嬉しい。・部屋の清掃の方、外国の方と思いますが、時々大きな声で清掃員同士外国語で話される声が部屋まで聞こえてきましたので、少し配慮頂くといいかと。",レジャー,家族
175,ニッコースタイル名古屋,2020年10月,5,"
    部屋の家具の配置などとてもよかったです。ソファもデスクもあ仕事もしやすかったまた泊まりたいと思います",レジャー,一人
176,ニッコースタイル名古屋,2020年10月,5,"
    オシャレな空間、親切な接待、広いバスルーム、大きなTV画面等私が今まで宿泊したホテルの中で最高レベルでした。心身共にゆったり滞在できました。また来たいなと思いました。",レジャー,家族
177,ニッコースタイル名古屋,2020年10月,4,"
    前回宿泊してとても良かったので、また利用させていただきました。今回はワンランク上の部屋でしたが、タルゴの入浴剤やアイマスクなどアメニティが充実していて良かったです。今回も朝食を食べましたが、メインが個人的にはいまひとつで残念でした。ビュッフェのパンやミックスジュースはとても美味しかったです。名古屋駅にも徒歩圏内で近くに沢山お店があり充実した滞在でした。",レジャー,家族
178,ニッコースタイル名古屋,2020年10月,4,"
    お部屋のデザインや雰囲気、広さは文句なし。従業員の方々の活気ある挨拶やサービスは素晴らしかったです。部屋にお水がついていないことと、朝食の洋食はちょっと残念でした。サラダとスープは美味しかったですが、メインとデザートは、正直また食べたいと思えませんでした。朝食スペースの従業員の皆様も朝から清々しい接客をされていましたし、本当に素敵なホテルなので、、正直な感想を述べさせて頂きました。",ビジネス,一人
179,ニッコースタイル名古屋,2020年09月,1,"
    私には合わないホテルでした。コロナ対策の説明をしながら接近してきます。ソーシャルディスタンスの説明をしながらソーシャルディスタンスを理解できないレベルのスタッフ多数。こちらが離れても距離を詰めてきます。本当不快です。前日に系列ホテルに泊まりましたが、そちらはコロナ対策も徹底していました。エレベーターに乗る人数も各フロア、各エレベーターに提示されていて安心して利用できましたが、このホテルは形だけコロナ対策をしているだけで中身はありません。エレベーターもどんどん人が乗ってきます。一杯でもスタッフが乗り込んできました。理解できません。食事について席に案内され、3種類から選択一部セルフサービスだが説明がないので大変困惑した。補充が中々されないので、何度も声をかけたが対応が遅い。混んでる時間を避けるよう案内され行ったがとても混雑していて20分ほど待った。その段階でパンの種類は減っていたので残念でした。駐車場について台数が少ない提携先がないから、近隣パーキングを自分で探さなければならない。せめて地図を用意するなり、大まかな料金を把握して案内していただきたい。部屋きれいだが、品格はない。アメニティも使いにくい。コンセプトのせいだと思うが、スタッフの服装がカジュアルで宿泊客と見分けがつかない。近隣の系列ホテルをお勧めします。",レジャー,家族
180,ニッコースタイル名古屋,2020年10月,5,"
    10月9日に1泊しました。小洒落た部屋のデザインは選んでよかったと思わせてくれます。アメニティも充実です。",レジャー,一人
181,ニッコースタイル名古屋,2020年08月,5,"
    新築だと言う事で、楽しみにしながらホテルに向かいました。駐車場への道路はわかりにくかったですが、それ以外は問題なかったです。チェックインでのコンシェルジュの対応も良かったです。風呂場がトイレと別なのは非常に良かったです。洗い場もあり、快適に風呂を楽しめました。朝食も非常に豪華で、料理も美味しかったです。又、利用したいと思いました。",レジャー,友達
182,ニッコースタイル名古屋,2020年10月,5,"
    お部屋がとても可愛らしく、お風呂とトイレが別になっていることがとても魅力的に感じました。",レジャー,恋人
183,ニッコースタイル名古屋,2020年10月,4,"
    とても良い滞在が出来ましたが、夜のレストランがまだクローズしている状況は、ニッコースタイルのコンセプト通りの形が出ていないように思われました。正面から入って閑散としたカフェが非常にもったいなかったです。一番苦しい時期に開業されて大変かとは思われますが、周囲のレストランや他の同系列のホテルはディナーを開始していますし、ホテル外で夕食を食べた帰りにバーカウンターで飲めるといったスタイルがもっと良い滞在になれたかも知れません。",その他,恋人
184,ニッコースタイル名古屋,2020年10月,5,"
    スタッフの対応が素晴らしかったですお客様ファーストが手に取るようにわかります。ありがとうございました(^o^)",レジャー,友達
185,ニッコースタイル名古屋,2020年09月,5,"
    ちょっと新幹線出口から歩くと距離がありますが、『ナナちゃん人形』からは、徒歩8分！笑設備、部屋の中のデザインも素敵なリビング感があり、リラックスできる空間で、サービスもとても丁寧で、笑顔が素敵でした。朝食もこだわりを感じ、また利用したいと思います。",ビジネス,一人
186,ニッコースタイル名古屋,2020年09月,5,"
    今回２回目の滞在です。前回がとてもよかったので部屋のランクを上げてまた来ました。今回はプレミアムランクでしたが部屋の広さは前回と変わりませんが、アメニティのPANPURIやディルマの紅茶などがすごくよかったです。香りが最高で癒されました。ボディーローションもついていて、とても贅沢な香りに包まれました。紅茶も香り高く、でも渋味がなくスッキリとした味わいで、こんな高級な紅茶はなかなか飲めないので楽しめました。またウェルカムドリンクもお酒が飲めるのですごくうれしかったし、ラストオーダーを少し過ぎてしまっていたのに快く対応してくださいました。ありがとうございました。他の口コミにシャワーの水圧のことが幾つか書いてありましたが、シャワーの蛇口にボタンがついていて、それを押しながら回すとさらに水圧がアップするので、私はそれで十分満足できました。やっぱりまた泊まりに来たいです。",レジャー,家族
187,ニッコースタイル名古屋,2020年09月,5,"
    すべてがきれいで、気持ちよく過ごせました。洗面台の鏡も大きく、部屋の明るさも自由に調節でき、バスタオルがふっくらやわらかい。備品アメニティ等もこだわりがあり、スタイリッシュ朝食も美味しかったです。特にサラダが気に入りました。コーヒーやロンネフェルトの紅茶、ミックスジュースも美味しかったです。また泊りに行きたいホテルでした。",その他,家族
188,ニッコースタイル名古屋,2020年09月,4,"
    初めての利用でした。すごくお洒落で部屋も満足で泊まってよかったです。ただ、駐車場料金もっと安かったらなぁ～笑",レジャー,友達
189,ニッコースタイル名古屋,2020年09月,5,"
    とても綺麗で広々としたお部屋でした。スタッフの方の対応も、お部屋も大満足です！",レジャー,一人
190,ニッコースタイル名古屋,2020年09月,5,"
    とても綺麗な内装で、広々とした空間に大変満足いたしました。また利用させていただきたいです！",レジャー,恋人
191,ニッコースタイル名古屋,2020年09月,4,"
    こちらのコメントで駐車場の入り口が分かりにくいと書いていらっしゃるかたがいらしたので、おそらく一方通行の道をぐるっとまわってくるのだろうなと思ってそうしたらやはりそうでした。一泊駐車の時間帯が決められていて、我が家は13時過ぎから翌日11時前までとめて2550円の駐車料金がかかりました。部屋の名前に「ツイン」と入っているので、通常のツインのベッドだと思い込んで予約しましたが、ベッドが隙間なく並んでいて、「かけ布団が一枚」だったので、ほぼダブルベッドでした。四連休中だったので混んでいたのとコロナ対策で席が空けてあったせいかなとは思うのですが、チェックイン時に朝食が混む時間帯を説明されて、その空いていると言われた遅い時間を狙って行ったのですが、30分待ちと言われて部屋に戻り、席が空くまで電話がかかってくるのを待つことになりました。おかげで午前11時にチェックアウトする事になり、その一日の半分をホテルで過ごすことに(^^;コロナ禍の中でオープンしたばかりですし、今後いろいろと改善されていくと思います！部屋はきれいで良かったです。バスルームとトイレが別なのも良し。スタッフのかたも笑顔で迎えて下さいました。",レジャー,家族
192,ニッコースタイル名古屋,2020年09月,5,"
    2泊3日利用しました。チェックイン、出掛ける際に鍵（カード)を預かってもらう時、チェックアウトまでスタッフさんが終始丁寧に対応して下さって有り難かったです。お部屋はお洒落で清潔感があってくつろげました。とても快適でしたので最終日はお部屋を出るのが名残惜しかったです。今回食事は利用しなかったので評価できません。名古屋駅から分かりやすい立地にホテルがあり、観光地に遊びに行くときや、晩ごはんだけ食べにちょっと出掛けるときには助かりました。また名古屋に旅行する際は利用したいです。ありがとうございました！",レジャー,家族
193,ニッコースタイル名古屋,2020年09月,5,"
    先日2泊させていただきました。新しくとても綺麗でオシャレなホテルでした。お部屋も設備が整っていて快適で、バス・トイレがそれぞれ独立しているのがとても良かったです。アメニティも十分ですし、パジャマもふかふかで気持ちよかったです。朝食も美味しかったです。ミックスジュースやロンネフェルトの紅茶など、コーヒー以外のドリンクも美味しかったです。パンが食パンの他にクロワッサンとデニッシュがあるとのことでしたが、8:30頃に行ったため遅かったのか、食パンのみだったのが残念でした。どのスタッフの方もとても感じが良く、心遣いが行き届いていて素晴らしかったです。名古屋に宿泊の機会があればまた利用させていただきます。",レジャー,家族
194,ニッコースタイル名古屋,2020年09月,5,"
    9月22日に宿泊しました。8月にオープンだったので、とても綺麗で気持ちよかったです。アメニティでTHALGOがあったので感激しました。バスタイムを満喫できました。朝食も食材にこだわりがあり美味しかったです。一つだけ希望は、洗面台に水が飛ぶのでダスター等あれば嬉しかったです。次回も又宿泊させて頂きます。",レジャー,家族
195,ニッコースタイル名古屋,2020年09月,5,"
    スタイリッシュなインテリアや、こだわりの食材を使った朝食もとても気に入りました。今回は和食をお願いしましたが、ビュッフェで飲んだミックスジュースが大変おいしかったです。気になる点を言えば浴室の水圧が低い事位ですが、スタッフのの方々の対応も良く、とても居心地が良い素晴らしいホテルでした。近いうちにまたぜひ利用したいと思います。",レジャー,家族
196,ニッコースタイル名古屋,2020年09月,5,"
    こちらの間違いで1日前の予約をしてしまったのですが、当日部屋を貸してくださりました。本当だったらお金を払わないといけないところ、受付の方を含めオーナーさんのとても優しい対応で泊めて頂けました。ありがとうございました^^",レジャー,家族
197,ニッコースタイル名古屋,2020年09月,5,"
    スタッフの対応の良さ、アメニティの充実さ、快適なお部屋と、スタイリッシュな設備など、どれもすごくよかったです。カッコいいレンタルサイクルもあったり、２４時間使えるジムもあり、ジムには水やタオルも完備されているので手ぶらで満喫できます。お風呂はジャグジーは出ませんがシャワーのヘッドを回すと打たせ湯のように使えるので十分です。今回の部屋には脱衣所はなかったですが、部屋から目隠しできるように扉もついているので十分でした。備え付けのドライヤーはこだわっているようで、スタッフの方が髪の毛を乾かす以外にも風を体に当てる使い方を教えてくださったので試してみましたが、身体の疲れが取れて気持ち良かったです。朝食は洋食2種類と和食1種類の合計3種類から選べました。今回は洋食にしましたがボリュームも味もよかったです。カフェスタイルのホテルなので飲み物が充実していてこだわっています。どれもおいしかったです。また泊まりたいし、家族や友人にもオススメしたいと思います。",レジャー,家族
198,ニッコースタイル名古屋,2020年09月,5,"
    新しいこともあってとても清潔感があって心地いいです。ホテルの対応も丁寧で気持ちよく滞在できました。バス、トイレがセパレートなのと、偶然ですが購入検討していたバルミューダの電気ポット(ブラックのスタイリッシュデザイン)があって、とてもよかったです。あと名古屋らしいしゃちほこデザインの鏡等地域限定感も楽しめました。ぜひまた名古屋に来た際は泊まりに来たいです。",レジャー,家族
199,ニッコースタイル名古屋,2020年09月,5,"
    名古屋にできた新しいホテルで、プレミアムフロアを予約しました。名古屋らしさが多く、様々な備品を見て楽しまさせていただきました。綺麗さはもちろん、素晴らしいホテルです。コーヒーも美味しいです。",レジャー,家族
200,ニッコースタイル名古屋,2020年09月,5,"
    スタッフさんの対応が素晴らしいです。朝食も非常に美味しく、大変満足です。年間100泊以上出張していますがかなり上位に入るホテルです。",ビジネス,一人
201,ニッコースタイル名古屋,2020年09月,5,"
    ２回目の利用です。出張で使わせて頂いてますが、オススメのポイントが３つあります。①ホテル内、部屋共にとてもキレイで、細かいところまで手入れが行き届いている②部屋の設備が充実していて、充電器やアメニティも揃っており、のんびり時間を過ごすにも最適③スタッフさんがとても丁寧で、困ったことがあってもすぐに対応してくれるまた出張で名古屋に来る際も使わせて頂きたいと思います！",ビジネス,一人
202,ニッコースタイル名古屋,2020年09月,4,"
    2回目の利用ですが、部屋の広さ、内装の色合い、設備など心地よさと落ち着いた雰囲気でとても安らぎました。新しいホテルで必ず起きる受付時の手際の悪さが少し残念ですが時期に良くなると期待してます。",ビジネス,一人
203,ニッコースタイル名古屋,2020年09月,5,"
    綺麗で広いです駐車場は23時で閉まるためその後の駐車は周辺コインパーキングになります",ビジネス,一人
204,ニッコースタイル名古屋,2020年09月,5,"
    いろいろなホテルを泊まった事がありますが、ニッコースタイルさんは居心地アクセス、こだわり度がとても良くて1番のお気に入りになりました。ロビーもこだわりがとても感じられました。とくに居心地がよくて本当に癒されました。都会でも非現実的な体感をえました。またぜひ利用したいです！",レジャー,一人
205,ニッコースタイル名古屋,2020年09月,4,"
    デラックスツインルームを利用部屋も広く清潔で大変良かった朝食も美味しかった",レジャー,家族
206,ニッコースタイル名古屋,2020年09月,5,"
    快適に過ごせました。気になる点。・ユニットバスが残念。平均以上だが。・靴磨きがない・駐車場が少しわかりづらい・シェイビングのクリームがない？",ビジネス,一人
207,ニッコースタイル名古屋,2020年09月,5,"
    素晴らしいホテルでした。",レジャー,一人
208,ニッコースタイル名古屋,2020年09月,5,"
    ビジネスで一泊しましたが、大満足でした。朝食の開始時間が7:00だったので泣く泣く諦めましたが、会場の雰囲気がとても素敵で、是非朝も食べたい。せめてあと、15分早いオープンだと嬉しい。",ビジネス,一人
209,ニッコースタイル名古屋,2020年08月,5,"
    全てのスタッフさんの対応がとても丁寧でした。シャワーの出がもう少しあるとなお良いです。",レジャー,家族
210,ニッコースタイル名古屋,2020年08月,4,"
    テレビにＨＤＭＩの端子が用意されていたので、自分の端末と繋げられてとても便利でした。鏡のウラにある、金の鱗のアートはなかなか存在感があります。内装にマッチしているかといえば微妙ですが、名古屋らしさを感じてもらおうという心意気と思います。ソファの位置がテレビに近すぎる感じがしたので、自分好みに移動して過ごしました。夜は真っ暗にして寝るのが好きなのですが、天井の消防設備の緑のランプやラジオの時計の明かりが少し気になりました。新しいホテルだけあって、内装や備品、アメニティなどにとても拘っていて、快適に過ごせました。タオルも新品のふかふかで気持ちよかったです。若いスタッフの方が、とてもテキパキお仕事をされていて好印象です。また利用してみたいと思います。",レジャー,一人
211,ニッコースタイル名古屋,2020年08月,5,"
    ８月１３日に１泊させて頂きました。開業されて間もないにも関わらず、スタッフの方々には的確且つハートフルに対応頂きました。設備、アメニティも斬新で洗練された物を各所に設けられてました。今度は家族と共に利用させて頂きたいと思います。現在、コロナ禍で大変ですが、これからのご発展をお祈り申し上げます。１泊お世話になり、ありがとうございました。",レジャー,一人
212,ニッコースタイル名古屋,2020年08月,5,"
    一人でリラックスするために2泊させて貰いました。デラックスキングのお部屋は一人では有り余るほど広くて綺麗で快適でした。全体的にカジュアルだけどカジュアルすぎない適度な高級感があり、とてもリラックスできました。随所でスタッフの方々のおもてなしがしたいと言う気持ちが伝わってくるサービスで大変リラックスできました。また利用したいと思います。",レジャー,一人
213,ニッコースタイル名古屋,2020年08月,5,"
    オープン翌日に宿泊。ピカピカの設備を使うことができました。近くには餃子で有名な「江南」もありました。朝ご飯も美味しかったです。特にジュース類がおいしくて他の宿泊客も、おかわりをしていました。フィットネスジムは利用しませんでしたが、次回は行きたいです。",ビジネス,一人
